platform,product_name,price,mrp,discount,rating,reviews,availability,url,image,product_id,category,seller,extra,match_score,deal_score
Flipkart,"Apple iPhone 15 (Blue, 256 GB)",69900.0,69900.0,0.0,4.6,9755.0,1,https://www.flipkart.com/-/p/-?pid=MOBGTAGPNEZZY2YR,,,,Flipkart,,90.0,33.16
Flipkart,"Apple iPhone 15 (Blue, 128 GB)",59900.0,59900.0,0.0,4.6,9755.0,1,https://www.flipkart.com/-/p/-?pid=MOBGTAGPAQNVFZZY,,,,Flipkart,,90.0,33.16
Flipkart,"Apple iPhone 15 (Pink, 128 GB)",59900.0,59900.0,0.0,4.6,9755.0,1,https://www.flipkart.com/-/p/-?pid=MOBGTAGPNMZA5PU5,,,,Flipkart,,90.0,33.16
Flipkart,"Apple iPhone 15 (Pink, 256 GB)",69900.0,69900.0,0.0,4.6,9755.0,1,https://www.flipkart.com/-/p/-?pid=MOBGTAGPFDXBQ9BH,,,,Flipkart,,90.0,33.16
Flipkart,"Apple iPhone 15 (Blue, 512 GB)",89900.0,89900.0,0.0,4.6,9755.0,1,https://www.flipkart.com/-/p/-?pid=MOBGTAGPQMKPVK7Q,,,,Flipkart,,90.0,33.16
Flipkart,"Apple iPhone 15 (Pink, 512 GB)",89900.0,89900.0,0.0,4.6,9755.0,1,https://www.flipkart.com/-/p/-?pid=MOBGTAGPASPYHVXZ,,,,Flipkart,,90.0,33.16
Flipkart,"Apple iPhone 15 (Black, 128 GB)",59900.0,59900.0,0.0,4.6,9755.0,1,https://www.flipkart.com/-/p/-?pid=MOBGTAGPTB3VS24W,,,,Flipkart,,89.73,33.16
Flipkart,"Apple iPhone 15 (Black, 256 GB)",69900.0,69900.0,0.0,4.6,9755.0,1,https://www.flipkart.com/-/p/-?pid=MOBGTAGPSMHFKHT5,,,,Flipkart,,89.73,33.16
Flipkart,"Apple iPhone 15 (Green, 128 GB)",59900.0,59900.0,0.0,4.6,9755.0,1,https://www.flipkart.com/-/p/-?pid=MOBGTAGPYYWZRUJX,,,,Flipkart,,89.73,33.16
Flipkart,"Apple iPhone 15 (Black, 512 GB)",89900.0,89900.0,0.0,4.6,9755.0,1,https://www.flipkart.com/-/p/-?pid=MOBGTAGPEXNGM7BM,,,,Flipkart,,89.73,33.16
Flipkart,"Apple iPhone 15 (Green, 256 GB)",69900.0,69900.0,0.0,4.6,9755.0,1,https://www.flipkart.com/-/p/-?pid=MOBGTAGPGF8HJGS7,,,,Flipkart,,89.73,33.16
Flipkart,"Apple iPhone 15 (Green, 512 GB)",89900.0,89900.0,0.0,4.6,9755.0,1,https://www.flipkart.com/-/p/-?pid=MOBGTAGPZVBANCKG,,,,Flipkart,,89.73,33.16
Flipkart,"Apple iPhone 15 (Yellow, 128 GB)",59900.0,59900.0,0.0,4.6,9755.0,1,https://www.flipkart.com/-/p/-?pid=MOBGTAGPDTKHHHZU,,,,Flipkart,,89.47,33.16
Flipkart,"Apple iPhone 15 (Yellow, 256 GB)",69900.0,69900.0,0.0,4.6,9755.0,1,https://www.flipkart.com/-/p/-?pid=MOBGTAGPCNEPMZTB,,,,Flipkart,,89.47,33.16
Flipkart,"Apple iPhone 15 (Yellow, 512 GB)",89900.0,89900.0,0.0,4.6,9755.0,1,https://www.flipkart.com/-/p/-?pid=MOBGTAGPPKPQTZVZ,,,,Flipkart,,89.47,33.16
Flipkart,DELL Inspiron 15 3000 Pentium Quad Core - (4 GB/500 GB HDD/Windows 10 Home) 3552 Laptop,22990.0,24418.0,5.85,4.1,0.0,Available,,,,laptops,DELL,,41.66,29.91
Flipkart,ASUS Vivobook 15 Core i3 11th Gen - (8 GB/512 GB SSD/Windows 11 Home) X515EA-EJ322WS Laptop,36990.0,56990.0,35.09,4.2,0.0,Available,,,,laptops,ASUS,,41.1,47.86
Flipkart,ASUS Vivobook 15 Touch Core i3 11th Gen - (8 GB/512 GB SSD/Windows 11 Home) X515EA-EZ311WS Thin and Li...,39990.0,60990.0,34.43,4.3,0.0,Available,,,,laptops,ASUS,,41.09,47.86
Flipkart,HP Pavilion Ryzen 5 Hexa Core 5500U - (8 GB/512 GB SSD/Windows 10 Home) 15-eh1101AU Thin and Light Lap...,54999.0,70419.0,21.9,4.4,0.0,Available,,,,laptops,HP,,41.09,40.74
Flipkart,ASUS Vivobook 15 Core i3 10th Gen - (8 GB/512 GB SSD/Windows 11 Home) X515JA-EJ382WS X515JA Laptop,33849.0,45990.0,26.4,4.2,0.0,Available,,,,laptops,ASUS,,40.9,42.64
Amazon,Crompton Arno Neo 15-L 5 Star Rated Storage Water Heater (Geyser) with Advanced 3 Level Safety (Grey),6199.0,10400.0,40.39,4.1,14391.0,Available,https://www.amazon.in/Crompton-Arno-Neo-ASWH-3015-Star-Rated/dp/B08GSQXLJ2/ref=sr_1_79?qid=1672923595&s=kitchen&sr=1-79,https://m.media-amazon.com/images/W/WEBP_402378-T1/images/I/31Tz8DcmevL._SX300_SY300_QL70_FMwebp_.jpg,B08GSQXLJ2,"Home&Kitchen|Heating,Cooling&AirQuality|WaterHeaters&Geysers|StorageWaterHeaters",,,40.82,60.64
Flipkart,ASUS VivoBook 15 (2022) Core i3 10th Gen - (8 GB/512 GB SSD/Windows 11 Home) X515JA-EJ362WS | X515JA-E...,32990.0,45990.0,28.27,4.3,0.0,Available,,,,laptops,ASUS,,40.82,44.16
Flipkart,ASUS VivoBook 15 (2022) Core i5 10th Gen - (8 GB/512 GB SSD/Windows 11 Home) X515JA-EJ562WS | X515JA-E...,44990.0,57990.0,22.42,4.3,0.0,Available,,,,laptops,ASUS,,40.82,40.65
Flipkart,ASUS VivoBook 15 (2022) Core i3 10th Gen - (8 GB/512 GB SSD/Windows 11 Home) X515JA-BQ322WS Thin and L...,32990.0,50990.0,35.3,4.3,0.0,Available,,,,laptops,ASUS,,40.77,48.38
Flipkart,ASUS VivoBook 15 (2022) Core i5 11th Gen - (8 GB/1 TB HDD/256 GB SSD/Windows 11 Home) X515EA-EJ502WS T...,47990.0,72990.0,34.25,4.3,0.0,Available,,,,laptops,ASUS,,40.77,47.75
Flipkart,ASUS VivoBook 15 (2021) Core i3 11th Gen - (8 GB/1 TB HDD/Windows 11 Home) X515EA-BR391W Thin and Ligh...,32990.0,49990.0,34.01,3.7,0.0,Available,,,,laptops,ASUS,,40.77,45.2
Flipkart,ASUS VivoBook 15 (2022) Core i3 11th Gen - (8 GB/1 TB HDD/256 GB SSD/Windows 11 Home) X515EA-EJ332WS T...,38990.0,54990.0,29.1,4.3,0.0,Available,,,,laptops,ASUS,,40.77,44.66
Flipkart,ASUS VivoBook 15 (2022) Core i5 11th Gen - (8 GB/1 TB HDD/256 GB SSD/Windows 10 Home) X515EA-EJ502TS T...,50990.0,70990.0,28.17,4.3,0.0,Available,,,,laptops,ASUS,,40.77,44.1
Flipkart,ASUS VivoBook 15 Ryzen 3 Dual Core AMD R3-3250U - (4 GB/256 GB SSD/Windows 10 Home) M515DA-BQ312TS Thi...,26990.0,42990.0,37.22,4.3,0.0,Available,,,,laptops,ASUS,,40.73,49.53
Flipkart,ASUS Vivobook 15 Core i3 11th Gen - (8 GB/512 GB SSD/Windows 11 Home) X515EA-EJ322WS Thin and Light La...,36990.0,52990.0,30.19,4.0,0.0,Available,,,,laptops,ASUS,,40.73,44.12
Flipkart,ASUS Vivobook 15 Core i3 10th Gen - (8 GB/256 GB SSD/Windows 11 Home) X515JA-EJ312WS Thin and Light La...,32990.0,43990.0,25.01,4.3,0.0,Available,,,,laptops,ASUS,,40.73,42.2
Flipkart,ASUS VivoBook 15 Core i5 10th Gen - (8 GB/1 TB HDD/Windows 10 Home) X515JA-EJ501T Thin and Light Lapto...,44990.0,55990.0,19.65,3.9,0.0,Available,,,,laptops,ASUS,,40.73,37.39
Flipkart,ASUS Vivobook 15 Core i5 10th Gen - (8 GB/512 GB SSD/Windows 11 Home) X515JA-EJ552WS Thin and Light La...,50000.0,59999.0,16.67,4.2,0.0,Available,,,,laptops,ASUS,,40.73,36.8
Flipkart,ASUS VivoBook 15 Core i3 10th Gen - (8 GB/1 TB HDD/Windows 10 Home) X515JA-EJ322TS Thin and Light Lapt...,37990.0,45990.0,17.4,4.0,0.0,Available,,,,laptops,ASUS,,40.73,36.44
Amazon,"boAt Rockerz 450 Bluetooth On Ear Headphones with Mic, Upto 15 Hours Playback, 40MM Drivers, Padded Ear Cushions, Integrated Controls and Dual Modes(Luscious Black)",1220.0,3990.0,69.42,4.1,107151.0,Available,https://www.amazon.in/Rockerz-450-Wireless-Bluetooth-Headphone/dp/B07PR1CL3S/ref=sr_1_16?qid=1672902995&s=computers&sr=1-16,https://m.media-amazon.com/images/W/WEBP_402378-T2/images/I/315vj6oj-FL._SX300_SY300_QL70_FMwebp_.jpg,B07PR1CL3S,"Electronics|Headphones,Earbuds&Accessories|Headphones|On-Ear",,,40.09,78.05
Amazon,"Bajaj New Shakti Neo 15L Vertical Storage Water Heater (Geyser 15 litres) 4 Star BEE Rated Heater For Water Heating with Titanium Armour, Swirl Flow Technology, Glasslined Tank (White), 1 Yr Warranty",5499.0,13150.0,58.18,4.2,6398.0,Available,https://www.amazon.in/Bajaj-Shakti-Heater-Multiple-Safety/dp/B097R45BH8/ref=sr_1_30?qid=1672923592&s=kitchen&sr=1-30,https://m.media-amazon.com/images/I/31U-ACCgQ1L._SX300_SY300_QL70_FMwebp_.jpg,B097R45BH8,"Home&Kitchen|Heating,Cooling&AirQuality|WaterHeaters&Geysers|StorageWaterHeaters",,,39.57,68.11
Amazon,AO Smith HSE-VAS-X-015 Storage 15 Litre Vertical Water Heater (Geyser) White 4 Star,7349.0,10900.0,32.58,4.2,11957.0,Available,https://www.amazon.in/AO-Smith-HSE-VAS-15-Litre-Storage/dp/B01892MIPA/ref=sr_1_341?qid=1672923610&s=kitchen&sr=1-341,https://m.media-amazon.com/images/I/316y4IIKD6L._SX300_SY300_QL70_FMwebp_.jpg,B01892MIPA,"Home&Kitchen|Heating,Cooling&AirQuality|WaterHeaters&Geysers|StorageWaterHeaters",,,37.96,56.35
Flipkart,acer Extensa 15 Pentium Quad Core - (4 GB/256 GB SSD/Windows 10 Home) EX215-31 Laptop,23400.0,34990.0,33.12,4.3,0.0,Available,,,,laptops,acer,,37.96,47.07
Flipkart,MSI Ryzen 7 Octa Core 5700U - (8 GB/512 GB SSD/Windows 11 Home) Modern 15 A5M-280IN Notebook,52990.0,78990.0,32.92,4.1,0.0,Available,,,,laptops,MSI,,37.74,46.15
Flipkart,HP Envy Core i7 10th Gen - (16 GB/1 TB SSD/Windows 10 Home/6 GB Graphics) 15-ep0123TX Laptop,144690.0,173453.0,16.58,4.2,0.0,Available,,,,laptops,HP,,37.74,36.75
Flipkart,HP Intel Core i5 10th Gen - (16 GB/512 GB SSD/Windows 10 Home/4 GB Graphics) 15-ep0011TX Laptop,97500.0,138366.0,29.53,3.7,0.0,Available,,,,laptops,HP,,37.65,42.52
Amazon,"Livpure Glo Star RO+UV+UF+Mineraliser - 7 L Storage Tank, 15 LPH Water Purifier for Home, Black",8499.0,16490.0,48.46,4.3,97.0,Available,https://www.amazon.in/Livpure-Glo-Star-RO-Mineraliser/dp/B0BCYQY9X5/ref=sr_1_318?qid=1672923609&s=kitchen&sr=1-318,https://m.media-amazon.com/images/I/319t03ZuOML._SX300_SY300_QL70_FMwebp_.jpg,B0BCYQY9X5,Home&Kitchen|Kitchen&HomeAppliances|WaterPurifiers&Accessories|WaterFilters&Purifiers,,,35.5,56.37
Flipkart,MSI Delta 15 AMD Advantage Edition Ryzen 9 Octa Core 5900HX 5th Gen - (16 GB/1 TB SSD/Windows 11 Home/...,109990.0,188990.0,41.8,4.6,0.0,Available,,,,laptops,MSI,,34.46,53.48
Flipkart,HP Pavilion Intel Core i5 12th Gen - (16 GB/512 GB SSD/Windows 11 Home) EG2035TU/ 15-EG2035TU Thin and...,76070.0,83553.0,8.96,4.2,0.0,Available,,,,laptops,HP,,34.08,32.17
Flipkart,MSI Crosshair 15 Core i7 12th Gen - (16 GB/512 GB SSD/Windows 11 Home/6 GB Graphics/NVIDIA GeForce RTX...,109990.0,134990.0,18.52,4.6,0.0,Available,,,,laptops,MSI,,34.04,39.51
Amazon,Crompton Amica 15-L 5 Star Rated Storage Water Heater (Geyser) with Free Installation (White),6800.0,11500.0,40.87,4.1,10308.0,Available,https://www.amazon.in/Crompton-Greaves-ASWH-2015-15-Litre-Storage/dp/B07JGCGNDG/ref=sr_1_294_mod_primary_new?qid=1672923607&s=kitchen&sbo=RZvfv%2F%2FHxDF%2BO5021pAnSA%3D%3D&sr=1-294,https://m.media-amazon.com/images/W/WEBP_402378-T2/images/I/31RWtNDo6EL._SX300_SY300_QL70_FMwebp_.jpg,B07JGCGNDG,"Home&Kitchen|Heating,Cooling&AirQuality|WaterHeaters&Geysers|StorageWaterHeaters",,,33.96,60.92
Amazon,"Redgear A-15 Wired Gaming Mouse with Upto 6400 DPI, RGB & Driver Customization for PC(Black)",599.0,799.0,25.03,4.3,15790.0,Available,https://www.amazon.in/Redgear-Gaming-Semi-Honeycomb-Windows-Gamers/dp/B08CHZ3ZQ7/ref=sr_1_177?qid=1672903004&s=computers&sr=1-177,https://m.media-amazon.com/images/I/31luFfya0kL._SX300_SY300_QL70_FMwebp_.jpg,B08CHZ3ZQ7,Computers&Accessories|Accessories&Peripherals|PCGamingPeripherals|GamingMice,,,33.89,52.22
Amazon,"V-Guard Divino 5 Star Rated 15 Litre Storage Water Heater (Geyser) with Advanced Safety Features, White",6499.0,8500.0,23.54,4.4,5865.0,Available,https://www.amazon.in/V-Guard-Divino-Storage-15-Vertical/dp/B08WRKSF9D/ref=sr_1_201?qid=1672923601&s=kitchen&sr=1-201,https://m.media-amazon.com/images/W/WEBP_402378-T1/images/I/31DXRMiRYLL._SX300_SY300_QL70_FMwebp_.jpg,B08WRKSF9D,"Home&Kitchen|Heating,Cooling&AirQuality|WaterHeaters&Geysers|StorageWaterHeaters",,,33.72,47.59
Flipkart,MSI Crosshair 15 Core i7 12th Gen - (16 GB/1 TB SSD/Windows 11 Home/6 GB Graphics/NVIDIA GeForce RTX 3...,114990.0,156990.0,26.75,4.3,0.0,Available,,,,laptops,MSI,,33.68,43.25
Flipkart,Hafele 6 kg Hygiene Wash 15 Min Wash Smart Motor Technology Fully Automatic Front Load with In-built...,23990.0,34990.0,31.44,4.3,0.0,Available,,,,washing_machine,Hafele,,33.66,46.06
Amazon,Crompton Solarium Qube 15-L 5 Star Rated Storage Water Heater (Geyser) with Free Installation and Connection Pipes (White and Black),7799.0,12500.0,37.61,4.0,5160.0,Available,https://www.amazon.in/Crompton-Solarium-Qube-Star-Rated-Storage/dp/B07VZH6ZBB/ref=sr_1_372?qid=1672923611&s=kitchen&sr=1-372,https://m.media-amazon.com/images/I/31kbrfC16XL._SX300_SY300_QL70_FMwebp_.jpg,B07VZH6ZBB,"Home&Kitchen|Heating,Cooling&AirQuality|WaterHeaters&Geysers|StorageWaterHeaters",,,33.56,53.73
Amazon,"Portronics Ruffpad 15 Re-Writable LCD Screen 38.1cm (15-inch) Writing Pad for Drawing, Playing, Handwriting Gifts for Kids & Adults (Grey)",1399.0,2999.0,53.35,4.3,3530.0,Available,https://www.amazon.in/Portronics-Ruffpad-Re-Writable-15-inch-Handwriting/dp/B08XNL93PL/ref=sr_1_407?qid=1672903014&s=computers&sr=1-407,https://m.media-amazon.com/images/W/WEBP_402378-T1/images/I/41NxAkv7knL._SX300_SY300_QL70_FMwebp_.jpg,B08XNL93PL,"OfficeProducts|OfficePaperProducts|Paper|Stationery|Notebooks,WritingPads&Diaries",,,33.47,62.74
Amazon,"15 (Legend, 12GB RAM, 256GB Storage) | Fastest Snapdragon 8 Elite Gen 5 Processor* | Samsung 2K M14 Lead OLED Display | Origin OS 6 with Personalized AI Features",76999.0,76999.0,0.0,4.6,436.0,1,https://www.amazon.in/dp/B0FYGBSKFB,,,,Amazon,,33.28,23.84
Amazon,"PIDILITE Fevicryl Acrylic Colours Sunflower Kit (10 Colors x 15 ml) DIY Paint, Rich Pigment, Non-Craking Paint for Canvas, Wood, Leather, Earthenware, Metal, Diwali Gifts for Diwali",191.0,225.0,15.11,4.4,7203.0,Available,https://www.amazon.in/Fevicryl-Acrylic-colors-Sunflower-Shades/dp/B00LXTFMRS/ref=sr_1_72?qid=1672902997&s=computers&sr=1-72,https://m.media-amazon.com/images/W/WEBP_402378-T1/images/I/4136eo-yWlL._SX300_SY300_QL70_FMwebp_.jpg,B00LXTFMRS,Home&Kitchen|CraftMaterials|PaintingMaterials|Paints,,,33.06,43.87
